{"v":"5.5.8","fr":25,"ip":0,"op":75,"w":500,"h":500,"nm":"23","ddd":1,"assets":[],"layers":[{"ddd":1,"ind":1,"ty":3,"nm":"Null 1","sr":1,"ks":{"o":{"a":0,"k":0,"ix":11},"rx":{"a":1,"k":[{"i":{"x":[0.55],"y":[1]},"o":{"x":[0.45],"y":[0]},"t":0,"s":[0]},{"i":{"x":[0.55],"y":[1]},"o":{"x":[0.45],"y":[0]},"t":25,"s":[13]},{"i":{"x":[0.55],"y":[1]},"o":{"x":[0.45],"y":[0]},"t":50,"s":[5]},{"t":74.5830078125,"s":[0]}],"ix":8},"ry":{"a":1,"k":[{"i":{"x":[0.55],"y":[1]},"o":{"x":[0.45],"y":[0]},"t":0,"s":[0]},{"i":{"x":[0.55],"y":[1]},"o":{"x":[0.45],"y":[0]},"t":25,"s":[9]},{"i":{"x":[0.55],"y":[1]},"o":{"x":[0.45],"y":[0]},"t":50,"s":[-11.689]},{"t":74.5830078125,"s":[0]}],"ix":9},"rz":{"a":1,"k":[{"i":{"x":[0.55],"y":[1]},"o":{"x":[0.45],"y":[0]},"t":0,"s":[0]},{"i":{"x":[0.55],"y":[1]},"o":{"x":[0.45],"y":[0]},"t":25,"s":[7]},{"i":{"x":[0.55],"y":[1]},"o":{"x":[0.45],"y":[0]},"t":50,"s":[-9.98]},{"t":74.5830078125,"s":[0]}],"ix":10},"or":{"a":1,"k":[{"i":{"x":0.55,"y":0.55},"o":{"x":0.45,"y":0.45},"t":0,"s":[0,0,0],"to":[0,0,0],"ti":[0,0,0]},{"t":74.5830078125,"s":[0,0,0]}],"ix":7},"p":{"a":1,"k":[{"i":{"x":0.55,"y":0.55},"o":{"x":0.45,"y":0.45},"t":0,"s":[250,250,242],"to":[0,0,0],"ti":[0,0,0]},{"t":74.5830078125,"s":[250,250,242]}],"ix":2},"a":{"a":0,"k":[0,0,0],"ix":1},"s":{"a":0,"k":[100,100,100],"ix":6}},"ao":0,"ip":0,"op":75,"st":0,"bm":0},{"ddd":1,"ind":2,"ty":4,"nm":"right eye","parent":1,"sr":1,"ks":{"o":{"a":0,"k":100,"ix":11},"rx":{"a":0,"k":0,"ix":8},"ry":{"a":0,"k":0,"ix":9},"rz":{"a":0,"k":0,"ix":10},"or":{"a":0,"k":[0,339,0],"ix":7},"p":{"a":1,"k":[{"i":{"x":0.55,"y":1},"o":{"x":0.45,"y":0},"t":0,"s":[91.899,-42.5,-244.15],"to":[3.516,0,1.35],"ti":[0,0,0]},{"i":{"x":0.55,"y":1},"o":{"x":0.45,"y":0},"t":25,"s":[76.403,-42.5,-250.098],"to":[0,0,0],"ti":[-5.355,0,-2.056]},{"i":{"x":0.55,"y":1},"o":{"x":0.45,"y":0},"t":50,"s":[74.004,-42.5,-251.019],"to":[4.41,0,1.693],"ti":[-1.588,0,-0.61]},{"t":74.5830078125,"s":[91.899,-42.5,-244.15]}],"ix":2},"a":{"a":0,"k":[0,0,0],"ix":1},"s":{"a":0,"k":[100,100,100],"ix":6}},"ao":0,"shapes":[{"d":1,"ty":"el","s":{"a":0,"k":[68,68],"ix":2},"p":{"a":0,"k":[0,0],"ix":3},"nm":"Ellipse Path 1","mn":"ADBE Vector Shape - Ellipse","hd":false},{"ty":"fl","c":{"a":0,"k":[0.196078446332,0.082352941176,0.054901964524,1],"ix":4},"o":{"a":0,"k":100,"ix":5},"r":1,"bm":0,"nm":"Fill 1","mn":"ADBE Vector Graphic - Fill","hd":false}],"ip":0,"op":75,"st":0,"bm":0},{"ddd":1,"ind":3,"ty":4,"nm":"left eye","parent":1,"sr":1,"ks":{"o":{"a":0,"k":100,"ix":11},"rx":{"a":0,"k":0,"ix":8},"ry":{"a":0,"k":0,"ix":9},"rz":{"a":0,"k":0,"ix":10},"or":{"a":0,"k":[0,17,0],"ix":7},"p":{"a":1,"k":[{"i":{"x":0.55,"y":1},"o":{"x":0.45,"y":0},"t":0,"s":[-92.718,-42.5,-243.462],"to":[-0.951,0,0.291],"ti":[0,0,0]},{"i":{"x":0.55,"y":1},"o":{"x":0.45,"y":0},"t":25,"s":[-91.796,-42.5,-243.744],"to":[0,0,0],"ti":[1.448,0,-0.443]},{"i":{"x":0.55,"y":1},"o":{"x":0.45,"y":0},"t":50,"s":[-79.316,-42.5,-247.559],"to":[-1.193,0,0.365],"ti":[0.429,0,-0.131]},{"t":74.5830078125,"s":[-92.718,-42.5,-243.462]}],"ix":2},"a":{"a":0,"k":[0,0,0],"ix":1},"s":{"a":0,"k":[100,100,100],"ix":6}},"ao":0,"shapes":[{"d":1,"ty":"el","s":{"a":0,"k":[68,68],"ix":2},"p":{"a":0,"k":[0,0],"ix":3},"nm":"Ellipse Path 1","mn":"ADBE Vector Shape - Ellipse","hd":false},{"ty":"fl","c":{"a":0,"k":[0.196078446332,0.082352941176,0.054901964524,1],"ix":4},"o":{"a":0,"k":100,"ix":5},"r":1,"bm":0,"nm":"Fill 1","mn":"ADBE Vector Graphic - Fill","hd":false}],"ip":0,"op":75,"st":0,"bm":0},{"ddd":1,"ind":4,"ty":4,"nm":"Shape Layer 4","parent":1,"sr":1,"ks":{"o":{"a":0,"k":100,"ix":11},"rx":{"a":0,"k":0,"ix":8},"ry":{"a":0,"k":0,"ix":9},"rz":{"a":0,"k":0,"ix":10},"or":{"a":0,"k":[0,0,0],"ix":7},"p":{"a":1,"k":[{"i":{"x":0.55,"y":1},"o":{"x":0.45,"y":0},"t":0,"s":[0,0,-242],"to":[0,0,0],"ti":[0,0,0]},{"i":{"x":0.55,"y":1},"o":{"x":0.45,"y":0},"t":25,"s":[-21.744,0,-242],"to":[0,0,0],"ti":[0,0,0]},{"i":{"x":0.55,"y":1},"o":{"x":0.45,"y":0},"t":50,"s":[-10.781,-22.708,-242],"to":[0,0,0],"ti":[0,0,0]},{"t":74.5830078125,"s":[0,0,-242]}],"ix":2},"a":{"a":0,"k":[0,0,0],"ix":1},"s":{"a":0,"k":[-100,100,100],"ix":6}},"ao":0,"shapes":[{"ty":"gr","it":[{"ind":0,"ty":"sh","ix":1,"ks":{"a":0,"k":{"i":[[-27.201,-0.321],[-0.773,24.339]],"o":[[19.506,0.23],[2,-63]],"v":[[-142,-92],[-85,-130]],"c":false},"ix":2},"nm":"Path 1","mn":"ADBE Vector Shape - Group","hd":false},{"ty":"st","c":{"a":0,"k":[0.196078446332,0.082352941176,0.054901964524,1],"ix":3},"o":{"a":0,"k":100,"ix":4},"w":{"a":0,"k":12,"ix":5},"lc":2,"lj":1,"ml":4,"bm":0,"nm":"Stroke 1","mn":"ADBE Vector Graphic - Stroke","hd":false},{"ty":"tr","p":{"a":0,"k":[0,0],"ix":2},"a":{"a":0,"k":[0,0],"ix":1},"s":{"a":0,"k":[100,100],"ix":3},"r":{"a":0,"k":0,"ix":6},"o":{"a":0,"k":100,"ix":7},"sk":{"a":0,"k":0,"ix":4},"sa":{"a":0,"k":0,"ix":5},"nm":"Transform"}],"nm":"Shape 1","np":3,"cix":2,"bm":0,"ix":1,"mn":"ADBE Vector Group","hd":false}],"ip":0,"op":75,"st":0,"bm":0},{"ddd":1,"ind":5,"ty":4,"nm":"Shape Layer 3","parent":1,"sr":1,"ks":{"o":{"a":0,"k":100,"ix":11},"rx":{"a":0,"k":0,"ix":8},"ry":{"a":0,"k":0,"ix":9},"rz":{"a":0,"k":0,"ix":10},"or":{"a":0,"k":[0,0,0],"ix":7},"p":{"a":1,"k":[{"i":{"x":0.55,"y":1},"o":{"x":0.45,"y":0},"t":0,"s":[0,0,-242],"to":[0,0,0],"ti":[0,0,0]},{"i":{"x":0.55,"y":1},"o":{"x":0.45,"y":0},"t":25,"s":[16.301,-23.259,-242],"to":[0,0,0],"ti":[0,0,0]},{"i":{"x":0.55,"y":1},"o":{"x":0.45,"y":0},"t":50,"s":[22.791,-9.939,-242],"to":[0,0,0],"ti":[0,0,0]},{"t":74.5830078125,"s":[0,0,-242]}],"ix":2},"a":{"a":0,"k":[0,0,0],"ix":1},"s":{"a":0,"k":[100,100,100],"ix":6}},"ao":0,"shapes":[{"ty":"gr","it":[{"ind":0,"ty":"sh","ix":1,"ks":{"a":0,"k":{"i":[[-26.814,4.586],[-0.773,24.339]],"o":[[29.595,-5.061],[2,-63]],"v":[[-142,-92],[-85,-130]],"c":false},"ix":2},"nm":"Path 1","mn":"ADBE Vector Shape - Group","hd":false},{"ty":"st","c":{"a":0,"k":[0.196078446332,0.082352941176,0.054901964524,1],"ix":3},"o":{"a":0,"k":100,"ix":4},"w":{"a":0,"k":12,"ix":5},"lc":2,"lj":1,"ml":4,"bm":0,"nm":"Stroke 1","mn":"ADBE Vector Graphic - Stroke","hd":false},{"ty":"tr","p":{"a":0,"k":[0,0],"ix":2},"a":{"a":0,"k":[0,0],"ix":1},"s":{"a":0,"k":[100,100],"ix":3},"r":{"a":0,"k":0,"ix":6},"o":{"a":0,"k":100,"ix":7},"sk":{"a":0,"k":0,"ix":4},"sa":{"a":0,"k":0,"ix":5},"nm":"Transform"}],"nm":"Shape 1","np":3,"cix":2,"bm":0,"ix":1,"mn":"ADBE Vector Group","hd":false}],"ip":0,"op":75,"st":0,"bm":0},{"ddd":1,"ind":6,"ty":4,"nm":"Shape Layer 2","parent":1,"sr":1,"ks":{"o":{"a":0,"k":100,"ix":11},"rx":{"a":0,"k":0,"ix":8},"ry":{"a":0,"k":0,"ix":9},"rz":{"a":0,"k":0,"ix":10},"or":{"a":0,"k":[0,0,0],"ix":7},"p":{"a":0,"k":[0,121,-242],"ix":2},"a":{"a":0,"k":[0,0,0],"ix":1},"s":{"a":0,"k":[100,100,100],"ix":6}},"ao":0,"shapes":[{"ty":"gr","it":[{"ind":0,"ty":"sh","ix":1,"ks":{"a":1,"k":[{"i":{"x":0.55,"y":1},"o":{"x":0.45,"y":0},"t":0,"s":[{"i":[[0,0],[-54.75,0],[0,0]],"o":[[0,0],[55.25,0],[0,0]],"v":[[-80,-32.75],[-0.5,-68],[80,-32.75]],"c":false}]},{"i":{"x":0.55,"y":1},"o":{"x":0.45,"y":0},"t":25,"s":[{"i":[[0,0],[-54.75,0],[0,0]],"o":[[0,0],[55.25,0],[0,0]],"v":[[-75.914,-33.433],[-11.435,-82.025],[70.821,-32.261]],"c":false}]},{"i":{"x":0.55,"y":1},"o":{"x":0.45,"y":0},"t":50,"s":[{"i":[[0,0],[-54.75,0],[0,0]],"o":[[0,0],[55.25,0],[0,0]],"v":[[-68.354,-22.891],[-5.922,-74.953],[63.532,-36.981]],"c":false}]},{"t":74.5830078125,"s":[{"i":[[0,0],[-54.75,0],[0,0]],"o":[[0,0],[55.25,0],[0,0]],"v":[[-80,-32.75],[-0.5,-68],[80,-32.75]],"c":false}]}],"ix":2},"nm":"Path 1","mn":"ADBE Vector Shape - Group","hd":false},{"ty":"st","c":{"a":0,"k":[0.196078449488,0.082352943718,0.054901964962,1],"ix":3},"o":{"a":0,"k":100,"ix":4},"w":{"a":0,"k":17,"ix":5},"lc":2,"lj":1,"ml":4,"bm":0,"nm":"Stroke 1","mn":"ADBE Vector Graphic - Stroke","hd":false},{"ty":"tr","p":{"a":0,"k":[0,0],"ix":2},"a":{"a":0,"k":[0,0],"ix":1},"s":{"a":0,"k":[100,100],"ix":3},"r":{"a":0,"k":0,"ix":6},"o":{"a":0,"k":100,"ix":7},"sk":{"a":0,"k":0,"ix":4},"sa":{"a":0,"k":0,"ix":5},"nm":"Transform"}],"nm":"Shape 1","np":3,"cix":2,"bm":0,"ix":1,"mn":"ADBE Vector Group","hd":false},{"ty":"tm","s":{"a":0,"k":25,"ix":1},"e":{"a":0,"k":75,"ix":2},"o":{"a":0,"k":0,"ix":3},"m":1,"ix":2,"nm":"Trim Paths 1","mn":"ADBE Vector Filter - Trim","hd":false}],"ip":0,"op":75,"st":0,"bm":0},{"ddd":0,"ind":7,"ty":4,"nm":"Shape Layer 1","sr":1,"ks":{"o":{"a":0,"k":100,"ix":11},"r":{"a":0,"k":0,"ix":10},"p":{"a":1,"k":[{"i":{"x":0.55,"y":1},"o":{"x":0.45,"y":0},"t":0,"s":[250,250,0],"to":[3.333,2,0],"ti":[0,-3.667,0]},{"i":{"x":0.55,"y":1},"o":{"x":0.45,"y":0},"t":25,"s":[270,262,0],"to":[0,3.667,0],"ti":[3.333,2,0]},{"i":{"x":0.55,"y":1},"o":{"x":0.45,"y":0},"t":50,"s":[250,272,0],"to":[-3.333,-2,0],"ti":[0,3.667,0]},{"t":74.5830078125,"s":[250,250,0]}],"ix":2},"a":{"a":0,"k":[0,0,0],"ix":1},"s":{"a":0,"k":[100,100,100],"ix":6}},"ao":0,"shapes":[{"d":1,"ty":"el","s":{"a":0,"k":[436,436],"ix":2},"p":{"a":0,"k":[0,0],"ix":3},"nm":"Ellipse Path 1","mn":"ADBE Vector Shape - Ellipse","hd":false},{"ty":"gf","o":{"a":0,"k":72,"ix":10},"r":1,"bm":3,"g":{"p":3,"k":{"a":0,"k":[0,1,1,1,0.5,0.704,0.704,0.704,1,0.408,0.408,0.408],"ix":9}},"s":{"a":0,"k":[13,-236],"ix":5},"e":{"a":0,"k":[136,78],"ix":6},"t":2,"h":{"a":0,"k":0,"ix":7},"a":{"a":0,"k":0,"ix":8},"nm":"Gradient Fill 1","mn":"ADBE Vector Graphic - G-Fill","hd":false},{"ty":"fl","c":{"a":0,"k":[1,0.833356371113,0.325490166159,1],"ix":4},"o":{"a":0,"k":100,"ix":5},"r":1,"bm":0,"nm":"Fill 1","mn":"ADBE Vector Graphic - Fill","hd":false}],"ip":0,"op":75,"st":0,"bm":0}],"markers":[]}